rebalance_rows,defensive_days,xlv_days,xlp_days,xlu_days,xlre_days,blocked_vol_days,avg_xlv_weight,max_xlv_weight,avg_xlp_weight,max_xlp_weight,avg_xlu_weight,max_xlu_weight,avg_xlre_weight,max_xlre_weight,avg_fez_weight,max_fez_weight,avg_tlt_weight,max_tlt_weight,avg_gld_weight,max_gld_weight,avg_soxx_weight,max_soxx_weight,avg_soxl_weight,max_soxl_weight,avg_tqqq_weight,max_tqqq_weight,avg_bil_weight,max_bil_weight
69,169,38,39,38,54,0,0.00710144927536232,0.07000000000000002,0.002898550724637681,0.1,0.0014492753623188406,0.05000000000000001,0.005797101449275363,0.08000000000000002,0.008115942028985506,0.08,0.018840579710144925,0.15000000000000002,0.013369565217391305,0.1,0.02316038869100236,0.35779989729800415,0.02603474366412069,0.3,0.09578123346804986,0.6975,0.08463768115942029,1.0
