period,ann_return,sharpe,max_drawdown,days,base_ann_return,base_sharpe,base_max_drawdown,delta_ann_vs_020c,delta_sharpe_vs_020c,delta_dd_vs_020c
common,0.8853166254919287,3.565656541958898,-0.14614307007066674,677,0.8738820220290753,3.4237651916651033,-0.16645963630759286,0.01143460346285341,0.14189135029379463,0.020316566236926126
early_2023_2024,0.49509932802390555,3.0432806072720355,-0.08317865860629359,303,0.49981795740745083,3.0406887476539817,-0.07376589145597323,-0.004718629383545281,0.00259185961805386,-0.009412767150320356
recent_2025_2026,1.2749874124386578,4.251549905825929,-0.14614307007066651,374,1.2443353599671108,4.019225696463262,-0.1664596363075932,0.03065205247154701,0.23232420936266696,0.02031656623692668
rate_stress_2024H1,0.44163765013541356,2.456442991234637,-0.037481344344887146,105,0.48069162447068314,2.724750654227608,-0.032458865660281666,-0.03905397433526958,-0.2683076629929708,-0.00502247868460548
defense_2024_summer,0.4845350498257741,2.6181116269009626,-0.061775880657588544,44,0.41905210846262997,2.142098372137407,-0.06746314530592423,0.06548294136314414,0.4760132547635556,0.005687264648335688
april_2025,0.28599224614302177,1.2211949621985834,-0.049637279896806774,21,0.3229484542353891,1.3653307802526302,-0.049637279896806774,-0.036956208092367326,-0.14413581805404685,0.0
europe_2025H1,0.7007527527012891,3.443376816655501,-0.07193151508710616,122,0.6921182610843686,3.377951024441221,-0.07886516580227254,0.008634491616920537,0.06542579221428024,0.006933650715166384
