asset,active_rebalances,active_pct,avg_weight_all,avg_weight_when_active,max_weight
TQQQ,23,0.3333333333333333,0.1328711080542673,0.3986133241628019,0.75
UXI,11,0.15942028985507245,0.033158652436811535,0.2079951834672724,0.35
ERX,12,0.17391304347826086,0.025785152213336986,0.14826462522668765,0.25
QQQM,26,0.37681159420289856,0.11495497890225444,0.30507282862521373,0.7
XLE,31,0.4492753623188406,0.23218586227941662,0.5168007902348306,0.7
XSOE,18,0.2608695652173913,0.11014492753623188,0.4222222222222222,0.8
XLI,16,0.2318840579710145,0.05959497075159425,0.2570033113662502,0.4
XLB,31,0.4492753623188406,0.20434782608695654,0.4548387096774194,0.6
BIL,6,0.08695652173913043,0.08695652173913043,1.0,1.0
