asset,active_rebalances,active_pct,avg_weight_all,avg_weight_when_active,max_weight
TQQQ,23,0.3382352941176471,0.13482349976528363,0.3986086080017081,0.75
UXI,11,0.16176470588235295,0.033645856623593,0.20799256821857484,0.35
ERX,12,0.17647058823529413,0.02616462476154847,0.148266206982108,0.25
QQQM,26,0.38235294117647056,0.11664708847001047,0.30507700061387355,0.7
XLE,30,0.4411764705882353,0.22530596347374565,0.5106935172071568,0.7
XSOE,17,0.25,0.10735294117647058,0.4294117647058823,0.8
XLI,16,0.23529411764705882,0.06047179043523053,0.2570051093497298,0.4
XLB,31,0.45588235294117646,0.2073529411764706,0.4548387096774194,0.6
BIL,6,0.08823529411764706,0.08823529411764706,1.0,1.0
