period,ann_return,sharpe,max_drawdown,days,base_ann_return,base_sharpe,base_max_drawdown,delta_ann_vs_020c,delta_sharpe_vs_020c,delta_dd_vs_020c
common,0.825630797606687,3.2696268507473496,-0.19321316046073223,683,0.8106608287542394,3.1122933010613925,-0.21477194505898312,0.014969968852447613,0.15733354968595714,0.02155878459825089
early_2023_2024,0.49509883535455246,3.0432782124998132,-0.08317883574121965,303,0.49981753121636086,3.0406868172513644,-0.0737660974734311,-0.004718695861808397,0.002591395248448869,-0.009412738267788545
recent_2025_2026,1.1408149186853955,3.733289134062339,-0.193213160460732,380,1.1040729402682832,3.486074883203148,-0.214771945058983,0.03674197841711235,0.24721425085919124,0.021558784598251002
rate_stress_2024H1,0.4416371040227518,2.4564440806496823,-0.03748148877926116,105,0.4806909042580634,2.724751306408684,-0.03245899085987436,-0.039053800235311575,-0.2683072257590018,-0.005022497919386804
defense_2024_summer,0.48453427839601804,2.6181062337608374,-0.061776095580372226,44,0.4190513304124046,2.1420937157057907,-0.06746321484563267,0.06548294798361343,0.47601251805504674,0.005687119265260443
april_2025,0.2859896122025405,1.2211830031835813,-0.049637333069036726,21,0.3229459097914511,1.3653193891428006,-0.049637333069036726,-0.036956297588910614,-0.1441363859592193,0.0
europe_2025H1,0.70073570967359,3.4433438442763324,-0.07193223190715026,122,0.6921014412124598,3.377918040112459,-0.07886587912754972,0.008634268461130246,0.06542580416387356,0.006933647220399464
