asset,active_rebalances,active_pct,avg_weight_all,avg_weight_when_active,max_weight
TQQQ,23,0.3333333333333333,0.13304402397697596,0.39913207193092787,0.75
UXI,11,0.15942028985507245,0.033158270132711574,0.20799278537791804,0.35
ERX,12,0.17391304347826086,0.025785288889637183,0.1482654111154138,0.25
QQQM,27,0.391304347826087,0.11623133834186461,0.29703564242920955,0.7
XLE,31,0.4492753623188406,0.23218572560311646,0.5168004860198399,0.7
XSOE,18,0.2608695652173913,0.10869565217391304,0.4166666666666667,0.8
XLI,16,0.2318840579710145,0.05959535305569423,0.25700496005268136,0.4
XLB,31,0.4492753623188406,0.20434782608695654,0.4548387096774194,0.6
BIL,6,0.08695652173913043,0.08695652173913043,1.0,1.0
