cost_multiplier,tx_cost,ann_return,sharpe,max_drawdown,base_ann_return,base_sharpe,base_max_drawdown,delta_ann_vs_020c,delta_sharpe_vs_020c,delta_dd_vs_020c
0.0,0.0,0.9143092841396492,3.6318914319993,-0.18837723868742284,0.8880917709614178,3.419239076758447,-0.2106391011420854,0.0262175131782314,0.21265235524085302,0.02226186245466255
1.0,0.001,0.825630797606687,3.2696268507473496,-0.19321316046073223,0.8106608287542394,3.1122933010613925,-0.21477194505898312,0.014969968852447613,0.15733354968595714,0.02155878459825089
2.0,0.002,0.7409666028400064,2.9234222285480667,-0.19802692576796577,0.736318340908261,2.8171657141224986,-0.21888917589854673,0.00464826193174539,0.10625651442556805,0.02086225013058096
5.0,0.005,0.5093221794111689,1.9794560376208532,-0.21550481869358618,0.5306461761022034,2.0023563266687874,-0.23213382111657932,-0.021323996691034575,-0.022900289047934175,0.016629002422993144
