cost_multiplier,tx_cost,ann_return,sharpe,max_drawdown,base_ann_return,base_sharpe,base_max_drawdown,delta_ann_vs_020c,delta_sharpe_vs_020c,delta_dd_vs_020c
0.0,0.0,0.9752316931182878,3.941004720036168,-0.14161438254696546,0.9526586302491933,3.744183384350647,-0.16233213873442665,0.02257306286909455,0.19682133568552107,0.02071775618746119
1.0,0.001,0.8853166254919287,3.565656541958898,-0.14614307007066674,0.8738820220290753,3.4237651916651033,-0.16645963630759286,0.01143460346285341,0.14189135029379463,0.020316566236926126
2.0,0.002,0.7994002190232345,3.206667339971826,-0.1506547977072512,0.7981953780360214,3.115473255898359,-0.17057315422213082,0.0012048409872131849,0.09119408407346707,0.01991835651487961
5.0,0.005,0.5639423809188109,2.226325900322642,-0.16408865968075403,0.5885187776236667,2.263209037722718,-0.18283013742815235,-0.024576396704855785,-0.036883137400076205,0.018741477747398316
