asset,active_rebalances,active_pct,avg_weight_all,avg_weight_when_active,max_weight
TQQQ,23,0.3382352941176471,0.13481751869567885,0.39859092483939834,0.75
UXI,11,0.16176470588235295,0.0336456139027385,0.2079910677623834,0.35
ERX,12,0.17647058823529413,0.026164384458581616,0.14826484526529585,0.25
QQQM,26,0.38235294117647056,0.11665306953961523,0.30509264341130143,0.7
XLE,30,0.4411764705882353,0.22530620377671245,0.5106940618938817,0.7
XSOE,17,0.25,0.10735294117647058,0.4294117647058823,0.8
XLI,16,0.23529411764705882,0.06047203315608504,0.2570061409133614,0.4
XLB,31,0.45588235294117646,0.2073529411764706,0.4548387096774194,0.6
BIL,6,0.08823529411764706,0.08823529411764706,1.0,1.0
