period,ann_return,sharpe,max_drawdown,days,base_ann_return,base_sharpe,base_max_drawdown,delta_ann_vs_020c,delta_sharpe_vs_020c,delta_dd_vs_020c
common,0.9037175275673834,3.737525555373882,-0.1461427747123123,675,0.8920444485920229,3.5834139936353058,-0.16645932202628333,0.011673078975360518,0.15411156173857643,0.020316547313971034
early_2023_2024,0.4950991174587047,3.0432793577975494,-0.08317894095312228,303,0.4998177832444739,3.040687737550891,-0.07376619273578267,-0.004718665785769183,0.002591620246658266,-0.009412748217339617
recent_2025_2026,1.317777492585194,4.539263583276702,-0.14614277471231196,372,1.2861787153448194,4.282086893855902,-0.16645932202628322,0.03159877724037452,0.25717668942079985,0.020316547313971256
rate_stress_2024H1,0.44163672188203207,2.456442208743968,-0.03748154383514657,105,0.4806908185139491,2.7247511495826524,-0.03245906556740241,-0.03905409663191706,-0.2683089408386845,-0.005022478267744157
defense_2024_summer,0.48453430032453637,2.618103863485463,-0.06177595520260937,44,0.4190509524822752,2.1420893949951574,-0.06746330795735278,0.06548334784226117,0.4760144684903058,0.005687352754743413
april_2025,0.28599325443473633,1.2211992233802653,-0.049637336462451276,21,0.3229490938956423,1.3653334921589877,-0.049637336462451276,-0.03695583946090597,-0.14413426877872237,0.0
europe_2025H1,0.7007519167090113,3.4433772701831313,-0.07193165720360295,122,0.6921173162596774,3.3779506590459265,-0.07886534508101462,0.00863460044933384,0.06542661113720483,0.006933687877411665
