cost_multiplier,tx_cost,ann_return,sharpe,max_drawdown,base_ann_return,base_sharpe,base_max_drawdown,delta_ann_vs_020c,delta_sharpe_vs_020c,delta_dd_vs_020c
0.0,0.0,0.9226752171409298,3.6905780236838184,-0.17990709610365674,0.8976381419446164,3.488580423231872,-0.19908914402774824,0.025037075196313374,0.20199760045194637,0.019182047924091505
1.0,0.001,0.8351770434286749,3.3297174959912286,-0.18446334355178007,0.8211894223452907,3.181814115556449,-0.2030384846096681,0.01398762108338425,0.14790338043477957,0.018575141057888045
2.0,0.002,0.7515690111627116,2.984653412858745,-0.18900095030787378,0.7477349850179134,2.8866966682269304,-0.20697444058605663,0.0038340261447982193,0.09795674463181481,0.017973490278182847
5.0,0.005,0.5224317384306036,2.0426458485020667,-0.20250248372351087,0.5442183756137304,2.071007892060567,-0.21870229519924334,-0.02178663718312679,-0.02836204355850036,0.016199811475732462
