period,ann_return,sharpe,max_drawdown,days,base_ann_return,base_sharpe,base_max_drawdown,delta_ann_vs_020c,delta_sharpe_vs_020c,delta_dd_vs_020c
common,0.8336102867861368,3.3014889001275725,-0.19321048944239438,684,0.8186934043250205,3.1434765143636945,-0.2147691377135278,0.014916882461116332,0.158012385763878,0.021558648271133407
early_2023_2024,0.4951008071175007,3.0432926577273918,-0.08317887616710962,303,0.49981965406099893,3.0407017925352515,-0.07376608444323218,-0.004718846943498223,0.002590865192140246,-0.009412791723877434
recent_2025_2026,1.1567386935552517,3.7875647239566668,-0.19321048944239427,381,1.1200217825677825,3.5385938360953983,-0.21476913771352757,0.03671691098746921,0.24897088786126842,0.021558648271133296
rate_stress_2024H1,0.44163980682567616,2.456459474008944,-0.03748146054453927,105,0.4806941619743901,2.724770405888399,-0.03245895853763192,-0.039054355148713915,-0.268310931879455,-0.005022502006907348
defense_2024_summer,0.4845355318207296,2.618115401217228,-0.061776051564996104,44,0.4190522404662167,2.142099280150159,-0.06746337194170282,0.06548329135451292,0.4760161210670688,0.005687320376706717
april_2025,0.28598940963735586,1.22118165579205,-0.04963731099089086,21,0.32294607697748257,1.3653193863739668,-0.04963731099089086,-0.0369566673401267,-0.1441377305819167,0.0
europe_2025H1,0.7007397327535254,3.4433583840902524,-0.07193164183198608,122,0.6921056632537388,3.377933683734584,-0.07886529849531698,0.008634069499786623,0.06542470035566827,0.0069336566633309005
