cost_multiplier,tx_cost,ann_return,sharpe,max_drawdown,base_ann_return,base_sharpe,base_max_drawdown,delta_ann_vs_020c,delta_sharpe_vs_020c,delta_dd_vs_020c
0.0,0.0,0.9474576941934612,3.7809079985586664,-0.17344653317235137,0.9251305054743193,3.5851297553712143,-0.19288121955109172,0.022327188719141855,0.19577824318745218,0.01943468637874035
1.0,0.001,0.8587853023936585,3.4160530913593896,-0.17800353071266428,0.8475825734124394,3.274787550520633,-0.1968581893330109,0.011202728981219101,0.14126554083875664,0.01885465862034663
2.0,0.002,0.7740575273880719,3.067124104473018,-0.18254210031721718,0.7730717512406264,2.9761844741848154,-0.20082168929001998,0.0009857761474454385,0.09093963028820262,0.018279588972802796
5.0,0.005,0.5418636838546784,2.114267571406532,-0.19604778372638487,0.5666269907266543,2.150564645012588,-0.2126316664144351,-0.02476330687197592,-0.03629707360605572,0.016583882688050222
