cost_multiplier,tx_cost,ann_return,sharpe,max_drawdown,base_ann_return,base_sharpe,base_max_drawdown,delta_ann_vs_020c,delta_sharpe_vs_020c,delta_dd_vs_020c
0.0,0.0,0.9187665796245332,3.6448299688807686,-0.18837476712996892,0.891904249198997,3.4293005197283253,-0.21063651931598837,0.026862330425536207,0.21552944915244332,0.022261752186019446
1.0,0.001,0.8301143509047713,3.283096278243935,-0.19321070239135096,0.8144834709225341,3.122774920173265,-0.2147693759004755,0.01563087998223711,0.16032135807067016,0.02155867350912455
2.0,0.002,0.7454641005255536,2.9373394003856537,-0.1980244811298426,0.7401435769090041,2.828011713351794,-0.21888661936154763,0.005320523616549444,0.10932768703385953,0.02086213823170502
5.0,0.005,0.513797920047959,1.9942688020447368,-0.21233366433407874,0.5344395298975084,2.0139902188903354,-0.23114508823856872,-0.020641609849549436,-0.019721416845598583,0.018811423904489977
