asset,active_rebalances,active_pct,avg_weight_all,avg_weight_when_active,max_weight
TQQQ,23,0.3333333333333333,0.13286005514609317,0.39858016543827945,0.75
UXI,11,0.15942028985507245,0.033166127740649066,0.208042074009526,0.35
ERX,12,0.17391304347826086,0.025785160213838764,0.1482646712295729,0.25
QQQM,26,0.37681159420289856,0.11496603181042858,0.3051021613430604,0.7
XLE,31,0.4492753623188406,0.2336351296412337,0.5200265788788749,0.7
XSOE,18,0.2608695652173913,0.11014492753623188,0.4222222222222222,0.8
XLI,16,0.2318840579710145,0.05813822008543789,0.25072107411845085,0.4
XLB,31,0.4492753623188406,0.20434782608695654,0.4548387096774194,0.6
BIL,6,0.08695652173913043,0.08695652173913043,1.0,1.0
