cost_multiplier,tx_cost,ann_return,sharpe,max_drawdown,base_ann_return,base_sharpe,base_max_drawdown,delta_ann_vs_020c,delta_sharpe_vs_020c,delta_dd_vs_020c
0.0,0.0,0.9227813337227015,3.665806164853519,-0.1883745564361775,0.8965867813552642,3.4522936492923066,-0.21063628313669192,0.026194552367437396,0.21351251556121253,0.022261726700514406
1.0,0.001,0.8336102867861368,3.3014889001275725,-0.19321048944239438,0.8186934043250205,3.1434765143636945,-0.2147691377135278,0.014916882461116332,0.158012385763878,0.021558648271133407
2.0,0.002,0.7484804600543329,2.953322576782183,-0.19802426594650646,0.7439116137881987,2.846551528295763,-0.21888637918130227,0.0045688462661341855,0.10677104848641994,0.02086211323479581
5.0,0.005,0.515587054239083,2.004006428119974,-0.21550220281356103,0.5370497295180034,2.0267904204104585,-0.2321310596410867,-0.02146267527892043,-0.022783992290484445,0.016628856827525684
