asset,active_rebalances,active_pct,avg_weight_all,avg_weight_when_active,max_weight
TQQQ,23,0.3382352941176471,0.1348203818917513,0.39859938994083005,0.75
UXI,11,0.16176470588235295,0.03364657914315458,0.20799703470313738,0.35
ERX,12,0.17647058823529413,0.026164554502821943,0.14826580884932436,0.25
QQQM,26,0.38235294117647056,0.1166502063435428,0.30508515505234274,0.7
XLE,30,0.4411764705882353,0.22530603373247218,0.5106936764602702,0.7
XSOE,17,0.25,0.10735294117647058,0.4294117647058823,0.8
XLI,16,0.23529411764705882,0.060471067915668954,0.25700203864159304,0.4
XLB,31,0.45588235294117646,0.2073529411764706,0.4548387096774194,0.6
BIL,6,0.08823529411764706,0.08823529411764706,1.0,1.0
