period,ann_return,sharpe,max_drawdown,days,base_ann_return,base_sharpe,base_max_drawdown,delta_ann_vs_020c,delta_sharpe_vs_020c,delta_dd_vs_020c
common,0.8405590805568601,3.3481833530035248,-0.1780048887356307,678,0.826417855875464,3.199452622729008,-0.1968596047334913,0.014141224681396114,0.1487307302745169,0.018854715997860594
early_2023_2024,0.49510002350034776,3.0432858870534374,-0.08317887813506852,303,0.49981872482451384,3.0406941358319592,-0.07376609354029995,-0.004718701324166075,0.0025917512214781446,-0.009412784594768575
recent_2025_2026,1.1771863861007978,3.872316061059632,-0.17800488873563103,375,1.1415771960876806,3.634072088134036,-0.19685960473349162,0.03560919001311724,0.2382439729255963,0.018854715997860594
rate_stress_2024H1,0.44163765830945345,2.456447371404669,-0.037481527243191315,105,0.48069195787011765,2.724757725283049,-0.03245904031247526,-0.039054299560664196,-0.26831035387838,-0.0050224869307160525
defense_2024_summer,0.48453324376498297,2.618098410512354,-0.061776134311202546,44,0.41904991243764655,2.142082877678524,-0.06746362939140194,0.06548333132733641,0.47601553283383025,0.0056874950801993895
april_2025,0.28598901241473684,1.2211813381545984,-0.049637300803747175,21,0.322944969649692,1.3653163714620544,-0.049637300803747175,-0.03695595723495515,-0.14413503330745603,0.0
europe_2025H1,0.7007615349080258,3.4433898608682108,-0.07193160758369843,122,0.6921269302322157,3.377964100412422,-0.07886527598016957,0.00863460467581012,0.06542576045578885,0.006933668396471138
