asset,active_rebalances,active_pct,avg_weight_all,avg_weight_when_active,max_weight
TQQQ,23,0.3333333333333333,0.13286407968823113,0.3985922390646934,0.75
UXI,11,0.15942028985507245,0.033158158549149545,0.20799208544466533,0.35
ERX,12,0.17391304347826086,0.02578516374897641,0.14826469155661434,0.25
QQQM,26,0.37681159420289856,0.11496200726829059,0.3050914808273866,0.7
XLE,31,0.4492753623188406,0.2321858507437772,0.5168007645587299,0.7
XSOE,18,0.2608695652173913,0.10869565217391303,0.41666666666666663,0.8
XLI,16,0.2318840579710145,0.05959546463925627,0.25700544125679264,0.4
XLB,31,0.4492753623188406,0.20579710144927538,0.4580645161290323,0.6
BIL,6,0.08695652173913043,0.08695652173913043,1.0,1.0
