cost_multiplier,tx_cost,ann_return,sharpe,max_drawdown,base_ann_return,base_sharpe,base_max_drawdown,delta_ann_vs_020c,delta_sharpe_vs_020c,delta_dd_vs_020c
0.0,0.0,0.9060640374803155,3.5960500134755806,-0.19472064078240925,0.8785162710859689,3.3793081338808033,-0.21670991831569542,0.02754776639434664,0.2167418795947773,0.021989277533286167
1.0,0.001,0.8192692090481317,3.2412727522432605,-0.1995529869771694,0.8028488788954777,3.0791319649040116,-0.2208138676795992,0.016420330152653984,0.16214078733924886,0.02126088070242982
2.0,0.002,0.7363359039860364,2.902048917340577,-0.20436296921860042,0.7301449292652753,2.7903833338720987,-0.22490230430177283,0.006190974720761133,0.11166558346847832,0.020539335083172405
5.0,0.005,0.5090620344757724,1.9760345297318334,-0.21865953593180143,0.5287062811518921,1.992376243624116,-0.23707495229606124,-0.019644246676119748,-0.01634171389228256,0.018415416364259807
