cost_multiplier,tx_cost,ann_return,sharpe,max_drawdown,base_ann_return,base_sharpe,base_max_drawdown,delta_ann_vs_020c,delta_sharpe_vs_020c,delta_dd_vs_020c
0.0,0.0,0.9282834886129587,3.7096420816874516,-0.17344789923770065,0.9030836896204555,3.506805253374736,-0.19288264267663913,0.02519979899250324,0.20283682831271577,0.019434743438938473
1.0,0.001,0.8405590805568601,3.3481833530035248,-0.1780048887356307,0.826417855875464,3.199452622729008,-0.1968596047334913,0.014141224681396114,0.1487307302745169,0.018854715997860594
2.0,0.002,0.7567335438001803,3.0025271163795626,-0.18254345033074137,0.7527547227659326,2.9037560573696055,-0.20082309699303502,0.003978821034247737,0.09877105900995709,0.018279646662293647
5.0,0.005,0.526992993908475,2.058779997557125,-0.19604910990827695,0.5486594201996482,2.0863738868541626,-0.2126330511900465,-0.021666426291173213,-0.027593889297037766,0.016583941281769543
