rebalance_rows,defensive_days,xlv_days,xlp_days,xlu_days,xlre_days,blocked_vol_days,avg_xlv_weight,max_xlv_weight,avg_xlp_weight,max_xlp_weight,avg_xlu_weight,max_xlu_weight,avg_xlre_weight,max_xlre_weight,avg_fez_weight,max_fez_weight,avg_tlt_weight,max_tlt_weight,avg_gld_weight,max_gld_weight,avg_soxx_weight,max_soxx_weight,avg_soxl_weight,max_soxl_weight,avg_tqqq_weight,max_tqqq_weight,avg_bil_weight,max_bil_weight
68,169,38,39,38,54,0,0.0061764705882352946,0.07000000000000003,0.0029411764705882353,0.10000000000000002,0.0014705882352941176,0.05000000000000001,0.005882352941176471,0.08000000000000002,0.007058823529411764,0.08,0.019117647058823527,0.15000000000000002,0.01261029411764706,0.1,0.023762539505520496,0.3577983787170835,0.0272284222318255,0.3,0.0977102005045644,0.6975,0.08588235294117647,1.0
