asset,active_rebalances,active_pct,avg_weight_all,avg_weight_when_active,max_weight
TQQQ,23,0.3382352941176471,0.13482313504734872,0.398607529705205,0.75
UXI,11,0.16176470588235295,0.03364652944786937,0.20799672749591974,0.35
ERX,12,0.17647058823529413,0.02616459027338985,0.14826601154920915,0.25
QQQM,26,0.38235294117647056,0.1166474531879454,0.3050779544915495,0.7
XLE,30,0.4411764705882353,0.22530599796190423,0.5106935953803163,0.7
XSOE,17,0.25,0.10588235294117646,0.4235294117647058,0.8
XLI,16,0.23529411764705882,0.06047111761095416,0.2570022498465552,0.4
XLB,31,0.45588235294117646,0.2088235294117647,0.4580645161290323,0.6
BIL,6,0.08823529411764706,0.08823529411764706,1.0,1.0
