period,ann_return,sharpe,max_drawdown,days,base_ann_return,base_sharpe,base_max_drawdown,delta_ann_vs_020c,delta_sharpe_vs_020c,delta_dd_vs_020c
common,0.8587853023936585,3.4160530913593896,-0.17800353071266428,679,0.8475825734124394,3.274787550520633,-0.1968581893330109,0.011202728981219101,0.14126554083875664,0.01885465862034663
early_2023_2024,0.495100529390637,3.0432890104162995,-0.08317883803035564,303,0.4998191742067313,3.0406974169754175,-0.07376603372384172,-0.004718644816094297,0.0025915934408820007,-0.009412804306513922
recent_2025_2026,1.2152847979088843,3.9930826137853574,-0.1780035307126644,376,1.1856756969559665,3.767362095253305,-0.19685818933301147,0.0296091009529178,0.22572051853205233,0.018854658620347076
rate_stress_2024H1,0.4416386177403011,2.456449659324211,-0.037481452652923575,105,0.48069280651141333,2.724759145273589,-0.03245894132848226,-0.03905418877111222,-0.268309485949378,-0.005022511324441314
defense_2024_summer,0.4845339925008414,2.618109837688894,-0.06177592157621559,44,0.4190504954850025,2.14209257290376,-0.06746328142295721,0.06548349701583889,0.47601726478513395,0.005687359846741624
april_2025,0.2859955346597165,1.221208557492251,-0.049637279896806774,21,0.3229520090602487,1.3653453720782673,-0.049637279896806774,-0.03695647440053218,-0.14413681458601624,0.0
europe_2025H1,0.7007625998998084,3.4433950853931847,-0.0719313538524673,122,0.6921281799390511,3.3779704587642403,-0.07886499191771479,0.008634419960757311,0.06542462662894444,0.006933638065247494
