period,ann_return,sharpe,max_drawdown,days,base_ann_return,base_sharpe,base_max_drawdown,delta_ann_vs_020c,delta_sharpe_vs_020c,delta_dd_vs_020c
common,0.8351770434286749,3.3297174959912286,-0.18446334355178007,678,0.8211894223452907,3.181814115556449,-0.2030384846096681,0.01398762108338425,0.14790338043477957,0.018575141057888045
early_2023_2024,0.49509918875669556,3.043280595669597,-0.08317898212134833,303,0.4998178399689379,3.0406891109261527,-0.0737662131882405,-0.004718651212242353,0.0025914847434442834,-0.009412768933107829
recent_2025_2026,1.1656905489624667,3.8385686201879663,-0.18446334355177996,375,1.1305068521772315,3.6023040544693603,-0.203038484609668,0.03518369678523525,0.236264565718606,0.018575141057888045
rate_stress_2024H1,0.44163719924345934,2.456443505999154,-0.03748149181896321,105,0.48069129908633945,2.724752662182107,-0.0324590289849771,-0.03905409984288011,-0.26830915618295315,-0.005022462833986108
defense_2024_summer,0.4845333715605262,2.618102234990653,-0.061776097045147194,44,0.41904969878790266,2.1420851275218986,-0.06746349882591196,0.06548367277262357,0.4760171074687545,0.005687401780764767
april_2025,0.2859904804524611,1.2211858275187952,-0.049637388463484755,21,0.3229462846875719,1.3653198087010125,-0.049637388463484755,-0.0369558042351108,-0.14413398118221732,0.0
europe_2025H1,0.7007627516295922,3.443390489105032,-0.07193153223901005,122,0.6921281004932256,3.3779646551167666,-0.07886519894547273,0.008634651136366633,0.0654258339882654,0.006933666706462671
