period,ann_return,sharpe,max_drawdown,days,base_ann_return,base_sharpe,base_max_drawdown,delta_ann_vs_020c,delta_sharpe_vs_020c,delta_dd_vs_020c
common,0.8251898408654708,3.2654747099086836,-0.19321062428448355,682,0.8101101376677375,3.1078912790222333,-0.21476928468487955,0.015079703197733219,0.15758343088645033,0.021558660400396
early_2023_2024,0.49510006023627784,3.0432842789189287,-0.08317888574184384,303,0.4998187210988927,3.0406924634065695,-0.07376612767105495,-0.004718660862614854,0.002591815512359208,-0.009412758070788896
recent_2025_2026,1.1407825235003703,3.728238936587235,-0.19321062428448355,379,1.1037536834265271,3.4804517188047095,-0.21476928468487944,0.03702884007384322,0.24778721778252555,0.02155866040039589
rate_stress_2024H1,0.4416374047031235,2.456442077774275,-0.03748147276750324,105,0.4806914940041933,2.72475052515348,-0.03245898216812104,-0.039054089301069794,-0.268308447379205,-0.005022490599382201
defense_2024_summer,0.4845348636972948,2.61810944129995,-0.06177604327569963,44,0.41905160242184203,2.1420946770317655,-0.06746337643923306,0.06548326127545279,0.47601476426818445,0.005687333163533426
april_2025,0.28599112591371867,1.2211916133590694,-0.049637279896806774,21,0.32294732049282415,1.3653276513041972,-0.049637279896806774,-0.036956194579105484,-0.14413603794512775,0.0
europe_2025H1,0.7007489087113388,3.4433708525655047,-0.07193147126635846,122,0.6921145757645546,3.377945718601368,-0.0788651124457922,0.008634332946784173,0.06542513396413652,0.006933641179433736
