period,ann_return,sharpe,max_drawdown,days,base_ann_return,base_sharpe,base_max_drawdown,delta_ann_vs_020c,delta_sharpe_vs_020c,delta_dd_vs_020c
common,0.8331150922127191,3.281364572390895,-0.19320786282333036,681,0.8174594574249261,3.1220219773002635,-0.2147663878716748,0.01565563478779297,0.15934259509063153,0.021558525048344435
early_2023_2024,0.49510039635723824,3.043287281003844,-0.08317892745891708,303,0.4998189118789078,3.0406946171806424,-0.07376614020908923,-0.004718515521669575,0.0025926638232016685,-0.009412787249827859
recent_2025_2026,1.1584686292055753,3.7628880201223223,-0.19320786282333047,378,1.1200098499560478,3.511133904262659,-0.21476638787167512,0.03845877924952745,0.25175411585966323,0.021558525048344657
rate_stress_2024H1,0.4416385544884782,2.4564497658508175,-0.037481453346119076,105,0.48069267806984484,2.724759015139441,-0.03245895929075038,-0.03905412358136662,-0.26830924928862343,-0.005022494055368698
defense_2024_summer,0.4845339160168878,2.6181046582216183,-0.061776031135506226,44,0.4190501559164903,2.142087162215087,-0.06746338745266323,0.06548376010039747,0.4760174960065311,0.005687356317157
april_2025,0.2859919162397959,1.221193228639233,-0.049637336462451276,21,0.32294783970387897,1.3653280107076151,-0.049637336462451276,-0.03695592346408305,-0.14413478206838204,0.0
europe_2025H1,0.7007321667971498,3.4433446808929578,-0.07193156805090595,122,0.6920980590154617,3.377919504447157,-0.07886519176555329,0.00863410778168805,0.06542517644580093,0.006933623714647341
