cost_multiplier,tx_cost,ann_return,sharpe,max_drawdown,base_ann_return,base_sharpe,base_max_drawdown,delta_ann_vs_020c,delta_sharpe_vs_020c,delta_dd_vs_020c
0.0,0.0,0.9132006850790662,3.625991313130433,-0.19472046685899158,0.8865037379714098,3.4113385015410165,-0.21670973885781952,0.026696947107656355,0.21465281158941663,0.02198927199882794
1.0,0.001,0.8247766256185778,3.2648606946247107,-0.19955281448596374,0.809301355458139,3.1054017669583756,-0.22081368954537772,0.015475270160438814,0.15945892766633518,0.021260875059413986
2.0,0.002,0.7403455942167549,2.9196998122492053,-0.2043627981519136,0.7351712672419197,2.811219288553932,-0.22490212748540084,0.005174326974835219,0.10848052369527306,0.020539329333487233
5.0,0.005,0.5092866449143509,1.978374795361595,-0.21865936909280737,0.5300483225600898,1.9988909825988643,-0.2370747793985658,-0.020761677645738885,-0.020516187237269223,0.01841541030575844
