period,ann_return,sharpe,max_drawdown,days,base_ann_return,base_sharpe,base_max_drawdown,delta_ann_vs_020c,delta_sharpe_vs_020c,delta_dd_vs_020c
common,0.8192692090481317,3.2412727522432605,-0.1995529869771694,680,0.8028488788954777,3.0791319649040116,-0.2208138676795992,0.016420330152653984,0.16214078733924886,0.02126088070242982
early_2023_2024,0.49509928996398456,3.043280836237665,-0.08317911012278256,303,0.49981792675325676,3.0406891618989507,-0.07376636621498256,-0.004718636789272201,0.0025916743387144336,-0.009412743907800003
recent_2025_2026,1.1300755577108652,3.6888996754767516,-0.19955298697716917,377,1.0902235636607225,3.4334463386175518,-0.22081386767959932,0.039851994050142725,0.2554533368591998,0.02126088070243015
rate_stress_2024H1,0.4416383918847564,2.4564488532134487,-0.037481566015619694,105,0.4806923709323032,2.7247570675112334,-0.0324590840519714,-0.039053979047546816,-0.2683082142977846,-0.005022481963648295
defense_2024_summer,0.4845350381519018,2.6181095509100114,-0.061776158583831564,44,0.4190521659807849,2.1420966941094894,-0.06746345282148147,0.06548287217111692,0.47601285680052197,0.005687294237649909
april_2025,0.28598737415658815,1.2211727734796987,-0.049637388463484755,21,0.322943362649617,1.3653078811167239,-0.049637388463484755,-0.036955988493028835,-0.1441351076370252,0.0
europe_2025H1,0.7007663007278102,3.4434017773929892,-0.07193164097796323,122,0.6921316901739358,3.3779762745291415,-0.07886530080980914,0.008634610553874378,0.06542550286384774,0.006933659831845906
