period,ann_return,sharpe,max_drawdown,days,base_ann_return,base_sharpe,base_max_drawdown,delta_ann_vs_020c,delta_sharpe_vs_020c,delta_dd_vs_020c
common,0.8247766256185778,3.2648606946247107,-0.19955281448596374,681,0.809301355458139,3.1054017669583756,-0.22081368954537772,0.015475270160438814,0.15945892766633518,0.021260875059413986
early_2023_2024,0.4950996756008932,3.04328260716274,-0.08317883725634811,303,0.4998183833651739,3.0406911288185965,-0.07376606339815883,-0.0047187077642807385,0.0025914783441436384,-0.009412773858189283
recent_2025_2026,1.1408129500395097,3.7281945736597613,-0.19955281448596374,378,1.1028970822015394,3.4770772072569436,-0.22081368954537772,0.037915867837970296,0.2511173664028177,0.021260875059413986
rate_stress_2024H1,0.44163775102831093,2.4564445864590985,-0.03748150520159599,105,0.48069195345687343,2.724753890486652,-0.032459010694879664,-0.0390542024285625,-0.2683093040275537,-0.005022494506716324
defense_2024_summer,0.48453478003859196,2.6181075392529736,-0.06177609345250901,44,0.4190513026516707,2.1420914439513123,-0.06746342434846431,0.06548347738692128,0.4760160953016612,0.0056873308959553
april_2025,0.2859888615822368,1.2211804829234356,-0.04963730876522954,21,0.32294522988391816,1.3653171457110034,-0.04963730876522954,-0.036956368301681364,-0.14413666278756776,0.0
europe_2025H1,0.7007487125663581,3.4433663681844706,-0.07193168917059878,122,0.6921143222614514,3.3779410955123046,-0.07886534405525858,0.008634390304906647,0.06542527267216602,0.006933654884659801
