asset,active_rebalances,active_pct,avg_weight_all,avg_weight_when_active,max_weight
TQQQ,23,0.3382352941176471,0.13482320424218466,0.39860773428124163,0.75
UXI,11,0.16176470588235295,0.033646341038632156,0.20799556278427153,0.35
ERX,12,0.17647058823529413,0.026164401853410336,0.1482649438359919,0.25
QQQM,26,0.38235294117647056,0.11664738399310942,0.3050777735204401,0.7
XLE,30,0.4411764705882353,0.22530618638188377,0.5106940224656031,0.7
XSOE,17,0.25,0.10588235294117646,0.4235294117647058,0.8
XLI,16,0.23529411764705882,0.06047130602019138,0.25700305058581335,0.4
XLB,31,0.45588235294117646,0.2088235294117647,0.4580645161290323,0.6
BIL,6,0.08823529411764706,0.08823529411764706,1.0,1.0
