cost_multiplier,tx_cost,ann_return,sharpe,max_drawdown,base_ann_return,base_sharpe,base_max_drawdown,delta_ann_vs_020c,delta_sharpe_vs_020c,delta_dd_vs_020c
0.0,0.0,0.9136761577258354,3.626709682956081,-0.1883746906948074,0.8874310878195846,3.4141855785717916,-0.2106364296027179,0.026245069906250862,0.21252410438428937,0.0222617389079105
1.0,0.001,0.8251898408654708,3.2654747099086836,-0.19321062428448355,0.8101101376677375,3.1078912790222333,-0.21476928468487955,0.015079703197733219,0.15758343088645033,0.021558660400396
2.0,0.002,0.7407013802079985,2.9202211621001544,-0.19802440136523547,0.73586968453936,2.8133755778607727,-0.21888652665341557,0.004831695668638503,0.10684558423938162,0.0208621252881801
5.0,0.005,0.5094960900002468,1.9786698790800077,-0.2155023393700457,0.5304603427319006,2.000176699974067,-0.2321312083971937,-0.02096425273165381,-0.021506820894059198,0.016628869027147997
