cost_multiplier,tx_cost,ann_return,sharpe,max_drawdown,base_ann_return,base_sharpe,base_max_drawdown,delta_ann_vs_020c,delta_sharpe_vs_020c,delta_dd_vs_020c
0.0,0.0,0.9282893671274532,3.709647247354249,-0.1734479799297569,0.9030901011219652,3.5068103477517227,-0.1928827588837948,0.025199266005488052,0.20283689960252627,0.01943477895403789
1.0,0.001,0.8405651466279198,3.348190060624342,-0.17800497202065702,0.8264244616634886,3.1994592718095087,-0.19685972349065317,0.014140684964431216,0.14873078881483348,0.018854751469996156
2.0,0.002,0.7567397683824943,3.00253538516302,-0.18254353619107366,0.7527614969686147,2.9037642769629057,-0.2008232182852674,0.0039782714138796305,0.09877110820011437,0.018279682094193728
5.0,0.005,0.5269995409040515,2.058792910713085,-0.1960492033891732,0.5486665609702961,2.0863867811127186,-0.21263317999827513,-0.021667020066244547,-0.02759387039963368,0.016583976609101936
