cost_multiplier,tx_cost,ann_return,sharpe,max_drawdown,base_ann_return,base_sharpe,base_max_drawdown,delta_ann_vs_020c,delta_sharpe_vs_020c,delta_dd_vs_020c
0.0,0.0,0.9219840789845375,3.6422172195640337,-0.18837191639495154,0.8950776169504446,3.42790186687069,-0.210633520657027,0.02690646203409286,0.21431535269334345,0.022261604262075463
1.0,0.001,0.8331150922127191,3.281364572390895,-0.19320786282333036,0.8174594574249261,3.1220219773002635,-0.2147663878716748,0.01565563478779297,0.15934259509063153,0.021558525048344435
2.0,0.002,0.7482610120675908,2.9364289165387594,-0.1980216526963352,0.742932800410145,2.8278637803555164,-0.21888364193332865,0.005328211657445792,0.10856513618324293,0.02086198923699345
5.0,0.005,0.5160539773232733,1.9954444732480845,-0.21233086910985222,0.5367270858746673,2.015395838982011,-0.23114214243530584,-0.020673108551394037,-0.019951365733926307,0.018811273325453626
