period,ann_return,sharpe,max_drawdown,days,base_ann_return,base_sharpe,base_max_drawdown,delta_ann_vs_020c,delta_sharpe_vs_020c,delta_dd_vs_020c
common,0.8301143509047713,3.283096278243935,-0.19321070239135096,681,0.8144834709225341,3.122774920173265,-0.2147693759004755,0.01563087998223711,0.16032135807067016,0.02155867350912455
early_2023_2024,0.49509920348829595,3.043279599842429,-0.08317881346972833,303,0.4998178491784906,3.040687897754078,-0.07376602776834329,-0.004718645690194645,0.0025917020883512443,-0.00941278570138504
recent_2025_2026,1.152108574614675,3.761185199874632,-0.19321070239135107,378,1.1137611331493962,3.5080160811612955,-0.21476937590047585,0.03834744146527891,0.2531691187133367,0.02155867350912477
rate_stress_2024H1,0.44163686989789275,2.456438987344914,-0.03748141632861923,105,0.480691146102046,2.7247485347060665,-0.032458929166259476,-0.03905427620415325,-0.2683095473611523,-0.005022487162359757
defense_2024_summer,0.4845334002324768,2.618101685189795,-0.06177603695042855,44,0.41904975501800723,2.14208520562232,-0.06746341648819709,0.06548364521446959,0.47601647956747506,0.005687379537768544
april_2025,0.2859878837070282,1.221175214915957,-0.04963733189784014,21,0.32294380775211895,1.3653100451165403,-0.04963733189784014,-0.03695592404509074,-0.14413483020058337,0.0
europe_2025H1,0.7007418325951935,3.443359124155092,-0.07193167927391264,122,0.6921076097122834,3.377934104904544,-0.07886530318912888,0.008634222882910159,0.06542501925054811,0.006933623915216236
