asset,active_rebalances,active_pct,avg_weight_all,avg_weight_when_active,max_weight
TQQQ,23,0.3333333333333333,0.13286386769559416,0.39859160308678243,0.75
UXI,11,0.15942028985507245,0.033158760835614205,0.2079958634233982,0.35
ERX,12,0.17391304347826086,0.025785200491134152,0.14826490282402136,0.25
QQQM,26,0.37681159420289856,0.11496221926092756,0.3050920434232309,0.7
XLE,31,0.4492753623188406,0.23218581400161947,0.5168006827777982,0.7
XSOE,18,0.2608695652173913,0.11014492753623188,0.4222222222222222,0.8
XLI,16,0.2318840579710145,0.05959486235279159,0.25700284389641376,0.4
XLB,31,0.4492753623188406,0.20434782608695654,0.4548387096774194,0.6
BIL,6,0.08695652173913043,0.08695652173913043,1.0,1.0
