asset,active_rebalances,active_pct,avg_weight_all,avg_weight_when_active,max_weight
TQQQ,23,0.3382352941176471,0.13482325081876015,0.39860787198589953,0.75
UXI,11,0.16176470588235295,0.03364623817101514,0.20799492687536636,0.35
ERX,12,0.17647058823529413,0.026164599358299696,0.14826606303036494,0.25
QQQM,26,0.38235294117647056,0.11664733741653396,0.3050776517047812,0.7
XLE,30,0.4411764705882353,0.22530598887699438,0.510693574787854,0.7
XSOE,17,0.25,0.10735294117647058,0.4294117647058823,0.8
XLI,16,0.23529411764705882,0.06047140888780839,0.25700348777318566,0.4
XLB,31,0.45588235294117646,0.2073529411764706,0.4548387096774194,0.6
BIL,6,0.08823529411764706,0.08823529411764706,1.0,1.0
