period,ann_return,sharpe,max_drawdown,days,base_ann_return,base_sharpe,base_max_drawdown,delta_ann_vs_020c,delta_sharpe_vs_020c,delta_dd_vs_020c
common,0.8405651466279198,3.348190060624342,-0.17800497202065702,678,0.8264244616634886,3.1994592718095087,-0.19685972349065317,0.014140684964431216,0.14873078881483348,0.018854751469996156
early_2023_2024,0.49510047255436707,3.043288453509089,-0.08317900621977892,303,0.4998190396286446,3.0406962109336364,-0.07376624373112739,-0.004718567074277535,0.0025922425754525413,-0.009412762488651527
recent_2025_2026,1.1771988310875403,3.872332318241785,-0.17800497202065735,375,1.1415908370516994,3.6340893395155915,-0.19685972349065317,0.03560799403584092,0.2382429787261935,0.018854751469995823
rate_stress_2024H1,0.4416384405508573,2.456449063724125,-0.037481612546754195,105,0.48069254723668187,2.7247577035047974,-0.03245914196259281,-0.03905410668582454,-0.2683086397806722,-0.005022470584161387
defense_2024_summer,0.48453602871188717,2.6181169670905677,-0.061775835138116575,44,0.4190524496808452,2.1421000832204373,-0.06746314392730923,0.06548357903104196,0.4760168838701304,0.005687308789192658
april_2025,0.28598830251607676,1.221176006387702,-0.04963743706764878,21,0.32294414138474226,1.3653103339604296,-0.04963743706764878,-0.03695583886866549,-0.1441343275727276,0.0
europe_2025H1,0.7007330244366401,3.443342307814662,-0.07193164898728721,122,0.6920986557777973,3.3779158178336415,-0.07886530864762786,0.008634368658842817,0.06542648998102063,0.006933659660340652
