cost_multiplier,tx_cost,ann_return,sharpe,max_drawdown,base_ann_return,base_sharpe,base_max_drawdown,delta_ann_vs_020c,delta_sharpe_vs_020c,delta_dd_vs_020c
0.0,0.0,0.9946866891285349,4.128700074369812,-0.14161408641635664,0.9718248730332537,3.916979523917975,-0.16233182376134414,0.02286181609528115,0.2117205504518367,0.020717737344987497
1.0,0.001,0.9037175275673834,3.737525555373882,-0.1461427747123123,0.8920444485920229,3.5834139936353058,-0.16645932202628333,0.011673078975360518,0.15411156173857643,0.020316547313971034
2.0,0.002,0.8168015114483989,3.3634419161603297,-0.15065450311978001,0.8154027084324613,3.2624843975036373,-0.1705728406319854,0.001398803015937533,0.10095751865669245,0.019918337512205397
5.0,0.005,0.5786453675261312,2.342408136799981,-0.16408836739773647,0.6031313621154517,2.3755785037008907,-0.18282982590784735,-0.024485994589320548,-0.0331703669009098,0.018741458510110887
